
[
  {
    "id": "game_1",
    "name": "Valorant",
    "slug": "valorant",
    "description": "Tactical 5v5 team-based competitive shooter",
    "price": "0",
    "currency": "EGP",
    "image": "/images/VALORANT.jpg",
    "category": "shooters",
    "isPopular": true,
    "stock": 100,
    "packages": [
      "285 VP",
      "575 VP",
      "1150 VP",
      "2350 VP",
      "4800 VP",
      "9800 VP"
    ],
    "packagePrices": [
      "160",
      "310",
      "610",
      "1200",
      "2400",
      "4800"
    ],
    "discountPrices": [
      "260",
      "410",
      "710",
      "1300",
      "2500",
      "4900"
    ],
    "discountPrice": "260"
  },
  {
    "id": "game_3",
    "name": "Crossfire",
    "slug": "crossfire",
    "description": "CrossFire tends to have a wide range of ZP packages that allow players to purchase weapons, characters, and other items in the game.",
    "price": "45",
    "currency": "EGP",
    "image": "/images/crossfire-icon.webp",
    "category": "shooters",
    "isPopular": true,
    "stock": 100,
    "packages": [
      "1,000 ZP",
      "5,000 ZP",
      "10,000 ZP",
      "20,000 ZP",
      "50,000 ZP",
      "100,000 ZP"
    ],
    "packagePrices": [
      "45",
      "230",
      "450",
      "900",
      "2250",
      "4500"
    ],
    "discountPrices": [
      "145",
      "330",
      "550",
      "1000",
      "2350",
      "4600"
    ],
    "discountPrice": "145"
  },
  {
    "id": "game_4",
    "name": "Roblox",
    "slug": "roblox",
    "description": "Roblox uses Robux for purchasing in-game items, avatar accessories, and access to specific game passes within Roblox games.",
    "price": "28",
    "currency": "EGP",
    "image": "/images/roblox.webp",
    "category": "casual",
    "isPopular": true,
    "stock": 100,
    "packages": [
      "80 Robux",
      "400 Robux",
      "800 Robux",
      "1,700 Robux",
      "4,500 Robux",
      "10,000 Robux",
      "22,500 Robux"
    ],
    "packagePrices": [
      "28",
      "140",
      "280",
      "600",
      "1580",
      "3500",
      "7880"
    ],
    "discountPrices": [
      "128",
      "240",
      "380",
      "700",
      "1680",
      "3600",
      "7980"
    ],
    "discountPrice": "128"
  },
  {
    "id": "game_5",
    "name": "PUBG Mobile",
    "slug": "pubg-mobile",
    "description": "UC is the in-game currency used in PUBG Mobile for purchasing skins, crates, and other cosmetics.",
    "price": "50",
    "currency": "EGP",
    "image": "/images/PUBG_3.webp",
    "category": "shooters",
    "isPopular": true,
    "stock": 100,
    "packages": [
      "100 UC",
      "300 UC",
      "600 UC",
      "1,200 UC",
      "3,000 UC",
      "6,000 UC",
      "10,000 UC",
      "30,000 UC"
    ],
    "packagePrices": [
      "50",
      "150",
      "300",
      "600",
      "1500",
      "3000",
      "5000",
      "15000"
    ],
    "discountPrices": [
      "150",
      "250",
      "400",
      "700",
      "1600",
      "3100",
      "5100",
      "15100"
    ],
    "discountPrice": "150"
  },
  {
    "id": "game_6",
    "name": "Free Fire",
    "slug": "free-fire",
    "description": "Diamonds in Free Fire are used for unlocking skins, outfits, and premium events.",
    "price": "4",
    "currency": "EGP",
    "image": "/images/freefire-Icon_1_1.webp",
    "category": "shooters",
    "isPopular": true,
    "stock": 100,
    "packages": [
      "10 Diamonds",
      "100 Diamonds",
      "500 Diamonds",
      "1,000 Diamonds",
      "3,000 Diamonds",
      "5,000 Diamonds",
      "10,000 Diamonds"
    ],
    "packagePrices": [
      "4",
      "34",
      "170",
      "340",
      "1030",
      "1710",
      "3410"
    ],
    "discountPrices": [
      "104",
      "134",
      "270",
      "440",
      "1130",
      "1810",
      "3510"
    ],
    "discountPrice": "104"
  },
  {
    "id": "game_7",
    "name": "Minecraft",
    "slug": "minecraft",
    "description": "Minecoins are the currency used in Minecraft to buy skins, texture packs, and other in-game items.",
    "price": "56",
    "currency": "EGP",
    "image": "/images/minecraft.webp",
    "category": "casual",
    "isPopular": true,
    "stock": 100,
    "packages": [
      "320 Minecoins",
      "1,000 Minecoins",
      "2,500 Minecoins",
      "5,000 Minecoins"
    ],
    "packagePrices": [
      "56",
      "180",
      "440",
      "880"
    ],
    "discountPrices": [
      "156",
      "280",
      "540",
      "980"
    ],
    "discountPrice": "156"
  },
  {
    "id": "game_1766467677924_bg0j3",
    "name": "Fortnite",
    "slug": "fortnite",
    "description": "Fortnite's currency, V-Bucks, is used to buy skins, emotes, and other cosmetics.",
    "price": "450",
    "currency": "EGP",
    "image": "https://cdn2.unrealengine.com/fortnite-battle-royale-chapter-4-season-og-1920x1080-410036343.jpg",
    "category": "shooters",
    "isPopular": true,
    "stock": 100,
    "packages": [
      "1,000 V-Bucks",
      "2,800 V-Bucks",
      "5,000 V-Bucks",
      "13,500 V-Bucks"
    ],
    "packagePrices": [
      "450",
      "1260",
      "2250",
      "6080"
    ],
    "discountPrices": [
      "550",
      "1360",
      "2350",
      "6180"
    ],
    "discountPrice": "550"
  },
  {
    "id": "game_1766467677945_pieag",
    "name": "League of Legends",
    "slug": "league-of-legends",
    "description": "In League of Legends, RP (Riot Points) is used for purchasing skins, champions, and other premium content.",
    "price": "330",
    "currency": "EGP",
    "image": "https://images.contentstack.io/v3/assets/blt731105aded5a7e72/blt125927407d280d30/5ea9f0093866630f69906495/league-of-legends-keyart.jpg",
    "category": "casual",
    "isPopular": true,
    "stock": 100,
    "packages": [
      "650 RP",
      "1,300 RP",
      "3,250 RP",
      "5,200 RP",
      "13,500 RP"
    ],
    "packagePrices": [
      "330",
      "650",
      "1630",
      "2600",
      "6750"
    ],
    "discountPrices": [
      "430",
      "750",
      "1730",
      "2700",
      "6850"
    ],
    "discountPrice": "430"
  },
  {
    "id": "game_1766467677973_fny99",
    "name": "Clash of Clans",
    "slug": "clash-of-clans",
    "description": "Gems are used to speed up upgrades and buy special items in Clash of Clans.",
    "price": "10",
    "currency": "EGP",
    "image": "https://supercell.com/images/25/all_clashofclans_keyart.jpg",
    "category": "casual",
    "isPopular": true,
    "stock": 100,
    "packages": [
      "20 Gems",
      "100 Gems",
      "500 Gems",
      "1,000 Gems",
      "2,000 Gems",
      "5,000 Gems",
      "10,000 Gems"
    ],
    "packagePrices": [
      "10",
      "50",
      "250",
      "500",
      "1000",
      "2500",
      "5000"
    ],
    "discountPrices": [
      "110",
      "150",
      "350",
      "600",
      "1100",
      "2600",
      "5100"
    ],
    "discountPrice": "110"
  },
  {
    "id": "game_1766467677979_07xxk",
    "name": "Apex Legends",
    "slug": "apex-legends",
    "description": "Apex Coins are used for skins, battle passes, and other cosmetic items in Apex Legends.",
    "price": "50",
    "currency": "EGP",
    "image": "https://media.contentapi.ea.com/content/dam/apex-legends/images/2019/01/apex-featured-image-16x9.jpg.adapt.crop191x100.1200w.jpg",
    "category": "shooters",
    "isPopular": true,
    "stock": 100,
    "packages": [
      "100 Apex Coins",
      "200 Apex Coins",
      "500 Apex Coins",
      "1,000 Apex Coins",
      "2,000 Apex Coins",
      "4,000 Apex Coins"
    ],
    "packagePrices": [
      "50",
      "100",
      "250",
      "500",
      "1000",
      "2000"
    ],
    "discountPrices": [
      "150",
      "200",
      "350",
      "600",
      "1100",
      "2100"
    ],
    "discountPrice": "150"
  },
  {
    "id": "game_1766468555293_m10pk",
    "name": "Call of Duty Mobile",
    "slug": "call-of-duty-mobile",
    "description": "CP (Call of Duty Points) is used for purchasing in-game items like skins, blueprints, and other premium content.",
    "price": "40",
    "currency": "EGP",
    "image": "https://www.callofduty.com/content/dam/atvi/callofduty/cod-touchpoints/codm/home/codm-keyart.jpg",
    "category": "shooters",
    "isPopular": true,
    "stock": 100,
    "packages": [
      "80 CP",
      "200 CP",
      "520 CP",
      "1,200 CP",
      "2,400 CP",
      "5,000 CP"
    ],
    "packagePrices": [
      "40",
      "100",
      "260",
      "600",
      "1200",
      "2500"
    ],
    "discountPrices": [
      "140",
      "200",
      "360",
      "700",
      "1300",
      "2600"
    ],
    "discountPrice": "140"
  },
  {
    "id": "game_1766468555321_lmwsa",
    "name": "Genshin Impact",
    "slug": "genshin-impact",
    "description": "Primogems are the main currency in Genshin Impact for wishing on banners and purchasing items.",
    "price": "25",
    "currency": "EGP",
    "image": "/images/genshin-impact-banner-scaled.webp",
    "category": "casual",
    "isPopular": true,
    "stock": 100,
    "packages": [
      "50 Primogems",
      "300 Primogems",
      "980 Primogems",
      "1,600 Primogems",
      "3,200 Primogems",
      "6,400 Primogems"
    ],
    "packagePrices": [
      "25",
      "150",
      "490",
      "800",
      "1600",
      "3200"
    ],
    "discountPrices": [
      "125",
      "250",
      "590",
      "900",
      "1700",
      "3300"
    ],
    "discountPrice": "125"
  },
  {
    "id": "game_1766468555324_bqa5x",
    "name": "Garena",
    "slug": "garena",
    "description": "Garena typically has different games with Diamonds as the universal currency (mainly used for Free Fire).",
    "price": "34",
    "currency": "EGP",
    "image": "https://upload.wikimedia.org/wikipedia/commons/thumb/e/e1/Garena_logo.svg/1200px-Garena_logo.svg.png",
    "category": "casual",
    "isPopular": true,
    "stock": 100,
    "packages": [
      "100 Diamonds",
      "300 Diamonds",
      "1,000 Diamonds",
      "2,500 Diamonds",
      "5,000 Diamonds"
    ],
    "packagePrices": [
      "34",
      "110",
      "340",
      "860",
      "1710"
    ],
    "discountPrices": [
      "134",
      "210",
      "440",
      "960",
      "1810"
    ],
    "discountPrice": "134"
  }
]
